epoch,accuracy,loss,val_accuracy,val_loss
0,0.18611110746860504,3.345782995223999,0.23888888955116272,1.8601422309875488
